Title,Rating,Price_in_pounds,Price_in_rupiah
A Light in the Attic,3,51.77,1009515
Tipping the Velvet,1,53.74,1047930
Soumission,1,50.1,976950
Sharp Objects,4,47.82,932490
Sapiens: A Brief History of Humankind,5,54.23,1057485
The Requiem Red,1,22.65,441675
The Dirty Little Secrets of Getting Your Dream Job,4,33.34,650130
"The Coming Woman: A Novel Based on the Life of the Infamous Feminist, Victoria Woodhull",3,17.93,349635
The Boys in the Boat: Nine Americans and Their Epic Quest for Gold at the 1936 Berlin Olympics,4,22.6,440700
The Black Maria,1,52.15,1016925
"Starving Hearts (Triangular Trade Trilogy, #1)",2,13.99,272805
Shakespeare's Sonnets,4,20.66,402870
Set Me Free,5,17.46,340470
Scott Pilgrim's Precious Little Life (Scott Pilgrim #1),5,52.29,1019655
Rip it Up and Start Again,5,35.02,682890
"Our Band Could Be Your Life: Scenes from the American Indie Underground, 1981-1991",3,57.25,1116375
Olio,1,23.88,465660
Mesaerion: The Best Science Fiction Stories 1800-1849,1,37.59,733005
Libertarianism for Beginners,2,51.33,1000935
It's Only the Himalayas,2,45.17,880815
In Her Wake,1,12.84,250380
How Music Works,2,37.32,727740
"Foolproof Preserving: A Guide to Small Batch Jams, Jellies, Pickles, Condiments, and More: A Foolproof Guide to Making Small Batch Jams, Jellies, Pickles, Condiments, and More",3,30.52,595140
Chase Me (Paris Nights #2),5,25.27,492765
Black Dust,5,34.53,673335
Birdsong: A Story in Pictures,3,54.64,1065480
America's Cradle of Quarterbacks: Western Pennsylvania's Football Factory from Johnny Unitas to Joe Montana,3,22.5,438750
Aladdin and His Wonderful Lamp,3,53.13,1036035
Worlds Elsewhere: Journeys Around Shakespeareâs Globe,5,40.3,785850
Wall and Piece,4,44.18,861510
The Four Agreements: A Practical Guide to Personal Freedom,5,17.66,344370
The Five Love Languages: How to Express Heartfelt Commitment to Your Mate,3,31.05,605475
The Elephant Tree,5,23.82,464490
The Bear and the Piano,1,36.89,719355
Sophie's World,5,15.94,310830
Penny Maybe,3,33.29,649155
Maude (1883-1993):She Grew Up with the country,2,18.02,351390
"In a Dark, Dark Wood",1,19.63,382785
Behind Closed Doors,4,52.22,1018290
You can't bury them all: Poems,2,33.63,655785
Slow States of Collapse: Poems,3,57.31,1117545
Reasons to Stay Alive,2,26.41,514995
Private Paris (Private #10),5,47.61,928395
#HigherSelfie: Wake Up Your Life. Free Your Soul. Find Your Tribe.,5,23.11,450645
Without Borders (Wanderlove #1),2,45.07,878865
When We Collided,1,31.77,619515
"We Love You, Charlie Freeman",5,50.27,980265
Untitled Collection: Sabbath Poems 2014,4,14.27,278265
"Unseen City: The Majesty of Pigeons, the Discreet Charm of Snails & Other Wonders of the Urban Wilderness",4,44.18,861510
Unicorn Tracks,3,18.78,366210
"Unbound: How Eight Technologies Made Us Human, Transformed Society, and Brought Our World to the Brink",1,25.52,497640
Tsubasa: WoRLD CHRoNiCLE 2 (Tsubasa WoRLD CHRoNiCLE #2),1,16.28,317460
Throwing Rocks at the Google Bus: How Growth Became the Enemy of Prosperity,3,31.12,606840
This One Summer,4,19.49,380054
Thirst,5,17.27,336765
The Torch Is Passed: A Harding Family Story,1,19.09,372255
The Secret of Dreadwillow Carse,1,56.13,1094535
"The Pioneer Woman Cooks: Dinnertime: Comfort Classics, Freezer Food, 16-Minute Meals, and Other Delicious Ways to Solve Supper!",1,56.41,1099995
The Past Never Ends,4,56.5,1101750
The Natural History of Us (The Fine Art of Pretending #2),3,45.22,881790
The Nameless City (The Nameless City #1),4,38.16,744119
The Murder That Never Was (Forensic Instincts #5),3,54.11,1055145
The Most Perfect Thing: Inside (and Outside) a Bird's Egg,4,42.96,837720
"The Mindfulness and Acceptance Workbook for Anxiety: A Guide to Breaking Free from Anxiety, Phobias, and Worry Using Acceptance and Commitment Therapy",4,23.89,465855
The Life-Changing Magic of Tidying Up: The Japanese Art of Decluttering and Organizing,3,16.77,327015
"The Inefficiency Assassin: Time Management Tactics for Working Smarter, Not Longer",5,20.59,401505
The Gutsy Girl: Escapades for Your Life of Epic Adventure,1,37.13,724035
The Electric Pencil: Drawings from Inside State Hospital No. 3,1,56.06,1093170
The Death of Humanity: and the Case for Life,4,58.11,1133145
"The Bulletproof Diet: Lose up to a Pound a Day, Reclaim Energy and Focus, Upgrade Your Life",3,49.05,956475
The Art Forger,3,40.76,794820
The Age of Genius: The Seventeenth Century and the Birth of the Modern Mind,1,19.73,384735
The Activist's Tao Te Ching: Ancient Advice for a Modern Revolution,5,32.24,628680
Spark Joy: An Illustrated Master Class on the Art of Organizing and Tidying Up,4,41.83,815685
Soul Reader,2,39.58,771810
Security,2,39.25,765375
"Saga, Volume 6 (Saga (Collected Editions) #6)",3,25.02,487890
"Saga, Volume 5 (Saga (Collected Editions) #5)",2,51.04,995280
Reskilling America: Learning to Labor in the Twenty-First Century,2,19.83,386684
"Rat Queens, Vol. 3: Demons (Rat Queens (Collected Editions) #11-15)",3,50.4,982800
"Princess Jellyfish 2-in-1 Omnibus, Vol. 01 (Princess Jellyfish 2-in-1 Omnibus #1)",5,13.61,265395
Princess Between Worlds (Wide-Awake Princess #5),5,13.34,260130
"Pop Gun War, Volume 1: Gift",1,18.97,369915
"Political Suicide: Missteps, Peccadilloes, Bad Calls, Backroom Hijinx, Sordid Pasts, Rotten Breaks, and Just Plain Dumb Mistakes in the Annals of American Politics",2,36.28,707460
Patience,3,10.16,198120
"Outcast, Vol. 1: A Darkness Surrounds Him (Outcast #1)",4,15.44,301080
orange: The Complete Collection 1 (orange: The Complete Collection #1),1,48.41,943994
Online Marketing for Busy Authors: A Step-By-Step Guide,1,46.35,903825
On a Midnight Clear,3,14.07,274365
Obsidian (Lux #1),2,14.86,289770
My Paris Kitchen: Recipes and Stories,2,33.37,650715
Masks and Shadows,2,56.4,1099800
"Mama Tried: Traditional Italian Cooking for the Screwed, Crude, Vegan, and Tattooed",4,14.02,273390
"Lumberjanes, Vol. 2: Friendship to the Max (Lumberjanes #5-8)",2,46.91,914744
"Lumberjanes, Vol. 1: Beware the Kitten Holy (Lumberjanes #1-4)",3,45.61,889395
Lumberjanes Vol. 3: A Terrible Plan (Lumberjanes #9-12),2,19.92,388440
"Layered: Baking, Building, and Styling Spectacular Cakes",1,40.11,782145
Judo: Seven Steps to Black Belt (an Introductory Guide for Beginners),2,53.9,1051050
Join,5,35.67,695565
In the Country We Love: My Family Divided,4,22.0,429000
Immunity: How Elie Metchnikoff Changed the Course of Modern Medicine,5,57.36,1118520
"I Hate Fairyland, Vol. 1: Madly Ever After (I Hate Fairyland (Compilations) #1-5)",2,29.17,568815
I am a Hero Omnibus Volume 1,3,54.63,1065285
How to Be Miserable: 40 Strategies You Already Use,1,46.03,897585
Her Backup Boyfriend (The Sorensen Family #1),1,33.97,662415
"Giant Days, Vol. 2 (Giant Days #5-8)",2,22.11,431145
Forever and Forever: The Courtship of Henry Longfellow and Fanny Appleton,3,29.69,578955
First and First (Five Boroughs #3),4,15.97,311415
Fifty Shades Darker (Fifty Shades #2),1,21.96,428220
Everydata: The Misinformation Hidden in the Little Data You Consume Every Day,2,54.35,1059825
"Don't Be a Jerk: And Other Practical Advice from Dogen, Japan's Greatest Zen Master",2,37.97,740415
Danganronpa Volume 1,4,51.99,1013805
Crown of Midnight (Throne of Glass #2),3,43.29,844155
"Codename Baboushka, Volume 1: The Conclave of Death",4,36.72,716040
Camp Midnight,4,17.08,333059
Call the Nurse: True Stories of a Country Nurse on a Scottish Isle,5,29.14,568230
Burning,3,28.81,561795
Bossypants,2,49.46,964470
"Bitch Planet, Vol. 1: Extraordinary Machine (Bitch Planet (Collected Editions))",2,37.92,739440
"Avatar: The Last Airbender: Smoke and Shadow, Part 3 (Smoke and Shadow #3)",2,28.09,547755
Algorithms to Live By: The Computer Science of Human Decisions,1,30.81,600795
A World of Flavor: Your Gluten Free Passport,1,42.95,837525
"A Piece of Sky, a Grain of Rice: A Memoir in Four Meditations",5,56.76,1106820
A Murder in Time,1,16.64,324480
A Flight of Arrows (The Pathfinders #2),5,55.53,1082835
A Fierce and Subtle Poison,4,28.13,548535
A Court of Thorns and Roses (A Court of Thorns and Roses #1),1,52.37,1021215
(Un)Qualified: How God Uses Broken People to Do Big Things,5,54.0,1053000
You Are What You Love: The Spiritual Power of Habit,4,21.87,426465
"William Shakespeare's Star Wars: Verily, A New Hope (William Shakespeare's Star Wars #4)",4,43.3,844350
Tuesday Nights in 1980,2,21.04,410280
Tracing Numbers on a Train,3,41.6,811200
Throne of Glass (Throne of Glass #1),3,35.07,683865
Thomas Jefferson and the Tripoli Pirates: The Forgotten War That Changed American History,1,59.64,1162980
Thirteen Reasons Why,1,52.72,1028040
The White Cat and the Monk: A Retelling of the Poem âPangur BÃ¡nâ,4,58.08,1132560
The Wedding Dress,1,24.12,470340
The Vacationers,4,42.15,821925
The Third Wave: An Entrepreneurâs Vision of the Future,5,12.61,245895
The Stranger,4,17.44,340080
The Shadow Hero (The Shadow Hero),1,33.14,646230
The Secret (The Secret #1),4,27.37,533715
The Regional Office Is Under Attack!,5,51.36,1001520
The Psychopath Test: A Journey Through the Madness Industry,2,36.0,702000
The Project,1,10.65,207675
The Power of Now: A Guide to Spiritual Enlightenment,2,43.54,849030
The Omnivore's Dilemma: A Natural History of Four Meals,2,38.21,745095
The Nerdy Nummies Cookbook: Sweet Treats for the Geek in All of Us,5,37.34,728130
The Murder of Roger Ackroyd (Hercule Poirot #4),4,44.1,859950
The Mistake (Off-Campus #2),3,43.29,844155
The Matchmaker's Playbook (Wingmen Inc. #1),1,55.85,1089075
The Love and Lemons Cookbook: An Apple-to-Zucchini Celebration of Impromptu Cooking,2,37.6,733200
The Long Shadow of Small Ghosts: Murder and Memory in an American City,1,10.97,213915
The Kite Runner,4,41.82,815490
The House by the Lake,1,36.95,720525
The Glittering Court (The Glittering Court #1),1,44.28,863460
The Girl on the Train,2,55.02,1072890
The Genius of Birds,1,17.24,336179
The Emerald Mystery,2,23.15,451425
The Cookies & Cups Cookbook: 125+ sweet & savory recipes reminding you to Always Eat Dessert First,1,41.25,804375
The Bridge to Consciousness: I'm Writing the Bridge Between Science and Our Old and New Beliefs.,3,32.0,624000
The Artist's Way: A Spiritual Path to Higher Creativity,5,38.49,750555
The Art of War,5,33.34,650130
The Argonauts,2,10.93,213135
The 10% Entrepreneur: Live Your Startup Dream Without Quitting Your Day Job,3,27.55,537225
Suddenly in Love (Lake Haven #1),2,55.99,1091805
Something More Than This,4,16.24,316679
Soft Apocalypse,2,26.12,509340
So You've Been Publicly Shamed,2,12.23,238485
Shoe Dog: A Memoir by the Creator of NIKE,2,23.99,467804
"Shobu Samurai, Project Aryoku (#3)",3,29.06,566670
Secrets and Lace (Fatal Hearts #1),1,20.27,395265
Scarlett Epstein Hates It Here,5,43.55,849225
Romero and Juliet: A Tragic Tale of Love and Zombies,1,36.94,720330
Redeeming Love,5,20.47,399165
Poses for Artists Volume 1 - Dynamic and Sitting Poses: An Essential Reference for Figure Drawing and the Human Form,1,41.06,800670
Poems That Make Grown Women Cry,4,14.19,276705
"Nightingale, Sing",1,38.28,746460
Night Sky with Exit Wounds,1,41.05,800475
Mrs. Houdini,5,30.25,589875
Modern Romance,5,28.26,551070
Miss Peregrineâs Home for Peculiar Children (Miss Peregrineâs Peculiar Children #1),1,10.76,209820
Louisa: The Extraordinary Life of Mrs. Adams,2,16.85,328575
Little Red,3,13.47,262665
Library of Souls (Miss Peregrineâs Peculiar Children #3),5,48.56,946920
Large Print Heart of the Pride,2,19.15,373425
I Had a Nice Time And Other Lies...: How to find love & sh*t like that,4,57.36,1118520
Hollow City (Miss Peregrineâs Peculiar Children #2),1,42.98,838109
Grumbles,2,22.16,432120
Full Moon over Noahâs Ark: An Odyssey to Mount Ararat and Beyond,4,49.43,963885
Frostbite (Vampire Academy #2),5,29.99,584805
Follow You Home,1,21.36,416520
First Steps for New Christians (Print Edition),1,29.0,565500
Finders Keepers (Bill Hodges Trilogy #2),5,53.53,1043835
"Fables, Vol. 1: Legends in Exile (Fables #1)",4,41.62,811590
Eureka Trivia 6.0,4,54.59,1064505
Drive: The Surprising Truth About What Motivates Us,4,34.95,681525
Done Rubbed Out (Reightman & Bailey #1),5,37.72,735540
Doing It Over (Most Likely To #1),3,35.61,694395
"Deliciously Ella Every Day: Quick and Easy Recipes for Gluten-Free Snacks, Packed Lunches, and Simple Meals",3,42.16,822119
Dark Notes,5,19.19,374205
"Daring Greatly: How the Courage to Be Vulnerable Transforms the Way We Live, Love, Parent, and Lead",3,19.43,378885
Close to You,4,49.46,964470
Chasing Heaven: What Dying Taught Me About Living,2,37.8,737100
Big Magic: Creative Living Beyond Fear,3,30.8,600600
Becoming Wise: An Inquiry into the Mystery and Art of Living,2,27.43,534885
Beauty Restored (Riley Family Legacy Novellas #3),2,11.11,216645
Batman: The Long Halloween (Batman),2,36.5,711750
Batman: The Dark Knight Returns (Batman),5,15.38,299910
Ayumi's Violin,2,15.48,301860
Anonymous,4,46.82,912990
Amy Meets the Saints and Sages,3,18.46,359970
Amid the Chaos,1,36.58,713310
Amatus,5,50.54,985530
Agnostic: A Spirited Manifesto,5,12.51,243945
Zealot: The Life and Times of Jesus of Nazareth,3,24.7,481650
You (You #1),5,43.61,850395
"Wonder Woman: Earth One, Volume One (Wonder Woman: Earth One #1)",4,37.34,728130
Wild Swans,2,14.36,280020
Why the Right Went Wrong: Conservatism--From Goldwater to the Tea Party and Beyond,4,52.65,1026675
Whole Lotta Creativity Going On: 60 Fun and Unusual Exercises to Awaken and Strengthen Your Creativity,4,38.2,744900
What's It Like in Space?: Stories from Astronauts Who've Been There,2,19.6,382200
"We Are Robin, Vol. 1: The Vigilante Business (We Are Robin #1)",1,53.9,1051050
Walt Disney's Alice in Wonderland,5,12.96,252720
V for Vendetta (V for Vendetta Complete),4,37.1,723450
Until Friday Night (The Field Party #1),2,46.31,903045
"Unbroken: A World War II Story of Survival, Resilience, and Redemption",2,45.95,896025
Twenty Yawns,2,22.08,430559
Through the Woods,2,25.38,494910
This Is Where It Ends,2,27.12,528840
The Year of Magical Thinking,2,43.04,839280
The Wright Brothers,4,56.8,1107600
The White Queen (The Cousins' War #1),5,25.91,505245
The Wedding Pact (The O'Malleys #2),3,32.61,635895
The Time Keeper,5,27.88,543660
The Testament of Mary,4,52.67,1027065
The Star-Touched Queen,5,46.02,897390
The Songs of the Gods,5,44.48,867359
The Song of Achilles,5,37.4,729300
The Rosie Project (Don Tillman #1),1,54.04,1053780
The Power of Habit: Why We Do What We Do in Life and Business,3,16.88,329160
The Marriage of Opposites,4,28.08,547560
The Lucifer Effect: Understanding How Good People Turn Evil,1,10.4,202800
The Long Haul (Diary of a Wimpy Kid #9),1,44.07,859365
The Loney,1,23.4,456300
The Literature Book (Big Ideas Simply Explained),3,17.43,339885
The Last Mile (Amos Decker #2),2,54.21,1057095
The Immortal Life of Henrietta Lacks,2,40.67,793065
The Hidden Oracle (The Trials of Apollo #1),2,52.26,1019070
The Help Yourself Cookbook for Kids: 60 Easy Plant-Based Recipes Kids Can Make to Stay Healthy and Save the Earth,3,28.77,561015
The Guilty (Will Robie #4),2,13.82,269490
The First Hostage (J.B. Collins #2),3,25.85,504075
The Dovekeepers,1,48.78,951210
The Darkest Lie,5,35.35,689325
The Bane Chronicles (The Bane Chronicles #1-11),4,44.73,872234
The Bad-Ass Librarians of Timbuktu: And Their Race to Save the Worldâs Most Precious Manuscripts,1,15.77,307515
The 14th Colony (Cotton Malone #11),1,39.24,765180
That Darkness (Gardiner and Renner #1),1,13.92,271440
Tastes Like Fear (DI Marnie Rome #3),1,10.69,208455
Take Me with You,3,45.21,881595
Swell: A Year of Waves,1,45.58,888810
Superman Vol. 1: Before Truth (Superman by Gene Luen Yang #1),5,11.89,231855
Still Life with Bread Crumbs,3,26.41,514995
Steve Jobs,5,39.5,770250
Sorting the Beef from the Bull: The Science of Food Fraud Forensics,4,44.74,872430
Someone Like You (The Harrisons #2),5,52.79,1029405
"So Cute It Hurts!!, Vol. 6 (So Cute It Hurts!! #6)",4,35.43,690885
Shtum,4,55.84,1088880
See America: A Celebration of Our National Parks & Treasured Sites,3,48.87,952965
salt.,4,46.78,912210
Robin War,3,47.82,932490
"Red Hood/Arsenal, Vol. 1: Open for Business (Red Hood/Arsenal #1)",2,25.48,496860
Rain Fish,3,23.57,459615
"Quarter Life Poetry: Poems for the Young, Broke and Hangry",5,50.89,992355
Pet Sematary,3,10.56,205920
"Overload: How to Unplug, Unwind, and Unleash Yourself from the Pressure of Stress",3,52.15,1016925
Once Was a Time,2,18.28,356460
Old School (Diary of a Wimpy Kid #10),5,11.83,230685
No Dream Is Too High: Life Lessons From a Man Who Walked on the Moon,2,21.95,428025
"Naruto (3-in-1 Edition), Vol. 14: Includes Vols. 40, 41 & 42 (Naruto: Omnibus #14)",2,38.39,748605
My Name Is Lucy Barton,1,41.56,810420
My Mrs. Brown,3,24.48,477360
My Kind of Crazy,1,40.36,787020
Mr. Mercedes (Bill Hodges Trilogy #1),1,28.9,563550
More Than Music (Chasing the Dream #1),2,37.61,733395
Made to Stick: Why Some Ideas Survive and Others Die,5,38.85,757575
Luis Paints the World,3,53.95,1052025
Luckiest Girl Alive,3,49.83,971685
Lowriders to the Center of the Earth (Lowriders in Space #2),2,51.51,1004445
Love Is a Mix Tape (Music #1),1,18.03,351585
Looking for Lovely: Collecting the Moments that Matter,5,29.14,568230
"Living Leadership by Insight: A Good Leader Achieves, a Great Leader Builds Monuments",4,46.91,914744
Let It Out: A Journey Through Journaling,5,26.79,522405
Lady Midnight (The Dark Artifices #1),5,16.28,317460
"It's All Easy: Healthy, Delicious Weeknight Meals in under 30 Minutes",1,19.55,381225
Island of Dragons (Unwanteds #7),1,29.65,578175
I Know What I'm Doing -- and Other Lies I Tell Myself: Dispatches from a Life Under Construction,4,25.98,506610
I Am Pilgrim (Pilgrim #1),4,10.6,206700
"Hyperbole and a Half: Unfortunate Situations, Flawed Coping Mechanisms, Mayhem, and Other Things That Happened",5,14.75,287625
"Hush, Hush (Hush, Hush #1)",3,47.02,916890
Hold Your Breath (Search and Rescue #1),1,28.82,561990
Hamilton: The Revolution,3,58.79,1146405
Greek Mythic History,5,10.23,199485
God: The Most Unpleasant Character in All Fiction,5,30.03,585585
Glory over Everything: Beyond The Kitchen House,3,45.84,893880
Feathers: Displays of Brilliant Plumage,3,49.05,956475
"Far & Away: Places on the Brink of Change: Seven Continents, Twenty-Five Years",4,15.06,293670
Every Last Word,3,46.47,906165
Eligible (The Austen Project #4),3,27.09,528255
El Deafo,5,57.62,1123590
Eight Hundred Grapes,4,14.39,280605
"Eaternity: More than 150 Deliciously Easy Vegan Recipes for a Long, Healthy, Satisfied, Joyful Life",5,51.75,1009125
"Eat Fat, Get Thin",2,54.07,1054365
Don't Get Caught,1,55.35,1079325
Doctor Sleep (The Shining #2),2,40.12,782340
Demigods & Magicians: Percy and Annabeth Meet the Kanes (Percy Jackson & Kane Chronicles Crossover #1-3),5,37.51,731445
Dear Mr. Knightley,5,11.21,218595
Daily Fantasy Sports,1,36.58,713310
Crazy Love: Overwhelmed by a Relentless God,2,47.72,930540
Cometh the Hour (The Clifton Chronicles #6),3,25.01,487695
Code Name Verity (Code Name Verity #1),4,22.13,431535
Clockwork Angel (The Infernal Devices #1),1,44.14,860730
City of Glass (The Mortal Instruments #3),4,56.02,1092390
City of Fallen Angels (The Mortal Instruments #4),4,11.23,218985
City of Bones (The Mortal Instruments #1),1,43.28,843960
City of Ashes (The Mortal Instruments #2),1,47.27,921765
Cell,4,20.29,395655
Catching Jordan (Hundred Oaks),3,50.83,991185
"Carry On, Warrior: Thoughts on Life Unarmed",3,31.85,621075
Carrie,2,46.23,901484
Buying In: The Secret Dialogue Between What We Buy and Who We Are,4,37.8,737100
Brain on Fire: My Month of Madness,5,49.32,961740
Batman: Europa,2,32.01,624195
Barefoot Contessa Back to Basics,1,28.01,546195
Barefoot Contessa at Home: Everyday Recipes You'll Make Over and Over Again,5,50.62,987090
Balloon Animals,3,17.03,332085
Art Ops Vol. 1,3,48.8,951600
Aristotle and Dante Discover the Secrets of the Universe (Aristotle and Dante Discover the Secrets of the Universe #1),4,58.14,1133730
Angels Walking (Angels Walking #1),2,34.2,666900
Angels & Demons (Robert Langdon #1),3,51.48,1003859
All the Light We Cannot See,5,29.87,582465
"Adulthood Is a Myth: A ""Sarah's Scribbles"" Collection",2,10.9,212550
Abstract City,5,56.37,1099215
A Time of Torment (Charlie Parker #14),5,48.35,942825
A Study in Scarlet (Sherlock Holmes #1),2,16.73,326235
"A Series of Catastrophes and Miracles: A True Story of Love, Science, and Cancer",2,56.48,1101360
A People's History of the United States,2,40.79,795405
A Man Called Ove,1,39.72,774540
A Distant Mirror: The Calamitous 14th Century,3,14.58,284310
A Brush of Wings (Angels Walking #3),1,55.51,1082445
1491: New Revelations of the Americas Before Columbus,3,21.8,425100
"The Three Searches, Meaning, and the Story",3,13.33,259935
Searching for Meaning in Gailana,1,38.73,755234
Rook,4,37.86,738270
My Kitchen Year: 136 Recipes That Saved My Life,2,11.53,224835
13 Hours: The Inside Account of What Really Happened In Benghazi,1,27.06,527670
Will You Won't You Want Me?,3,13.86,270270
Tipping Point for Planet Earth: How Close Are We to the Edge?,1,37.55,732225
The Star-Touched Queen,5,32.3,629850
The Silent Sister (Riley MacPherson #1),5,46.29,902655
The Midnight Watch: A Novel of the Titanic and the Californian,1,26.2,510900
The Lonely City: Adventures in the Art of Being Alone,2,33.26,648570
The Gray Rhino: How to Recognize and Act on the Obvious Dangers We Ignore,4,59.15,1153425
The Golden Condom: And Other Essays on Love Lost and Found,1,39.43,768885
The Epidemic (The Program 0.6),5,14.44,281580
The Dinner Party,2,56.54,1102530
The Diary of a Young Girl,3,59.9,1168050
The Children,3,11.88,231660
Stars Above (The Lunar Chronicles #4.5),2,48.05,936975
Snatched: How A Drug Queen Went Undercover for the DEA and Was Kidnapped By Colombian Guerillas,3,21.21,413595
Raspberry Pi Electronics Projects for the Evil Genius,4,49.67,968565
Quench Your Own Thirst: Business Lessons Learned Over a Beer or Two,1,43.14,841230
Psycho: Sanitarium (Psycho #1.5),5,36.97,720915
Poisonous (Max Revere Novels #3),3,26.8,522600
One with You (Crossfire #5),4,15.71,306345
No Love Allowed (Dodge Cove #1),4,54.65,1065675
Murder at the 42nd Street Library (Raymond Ambler #1),4,54.36,1060020
Most Wanted,3,35.28,687960
"Love, Lies and Spies",2,20.55,400725
How to Speak Golf: An Illustrated Guide to Links Lingo,5,58.32,1137240
Hide Away (Eve Duncan #20),1,11.84,230880
Furiously Happy: A Funny Book About Horrible Things,4,41.46,808470
Everyday Italian: 125 Simple and Delicious Recipes,5,20.1,391950
Equal Is Unfair: America's Misguided Fight Against Income Inequality,1,56.86,1108770
Eleanor & Park,5,56.51,1101945
Dirty (Dive Bar #1),4,40.83,796185
Can You Keep a Secret? (Fear Street Relaunch #4),1,48.64,948480
Boar Island (Anna Pigeon #19),3,59.48,1159860
A Paris Apartment,4,39.01,760695
"A la Mode: 120 Recipes in 60 Pairings: Pies, Tarts, Cakes, Crisps, and More Topped with Ice Cream, Gelato, Frozen Custard, and More",1,38.77,756015
Troublemaker: Surviving Hollywood and Scientology,2,48.39,943605
The Widow,2,27.26,531570
"The Sleep Revolution: Transforming Your Life, One Night at a Time",4,11.68,227760
The Improbability of Love,1,59.45,1159275
The Art of Startup Fundraising,3,21.0,409500
Take Me Home Tonight (Rock Star Romance #3),3,53.98,1052610
Sleeping Giants (Themis Files #1),1,48.74,950430
"Setting the World on Fire: The Brief, Astonishing Life of St. Catherine of Siena",2,21.15,412425
Playing with Fire,3,13.71,267345
Off the Hook (Fishing for Trouble #1),3,47.67,929565
Mothering Sunday,2,13.34,260130
"Mother, Can You Not?",5,16.89,329355
M Train,1,27.18,530010
Lilac Girls,2,17.28,336960
Lies and Other Acts of Love,1,45.14,880230
Lab Girl,1,40.85,796575
Keep Me Posted,4,20.46,398970
It Didn't Start with You: How Inherited Family Trauma Shapes Who We Are and How to End the Cycle,3,56.27,1097265
Grey (Fifty Shades #4),4,48.49,945555
"Exit, Pursued by a Bear",4,51.34,1001130
Daredevils,3,16.34,318630
Cravings: Recipes for What You Want to Eat,3,20.5,399750
Born for This: How to Find the Work You Were Meant to Do,5,21.59,421005
Arena,4,21.36,416520
Adultery,5,20.88,407160
A Mother's Reckoning: Living in the Aftermath of Tragedy,3,19.53,380835
A Gentleman's Position (Society of Gentlemen #3),5,14.75,287625
11/22/63,3,48.48,945359
"10% Happier: How I Tamed the Voice in My Head, Reduced Stress Without Losing My Edge, and Found Self-Help That Actually Works",2,24.57,479115
10-Day Green Smoothie Cleanse: Lose Up to 15 Pounds in 10 Days!,5,49.71,969345
Without Shame,5,48.27,941265
Watchmen,4,58.05,1131975
Unlimited Intuition Now,4,58.87,1147965
Underlying Notes,2,11.82,230490
The Shack,1,28.03,546585
The New Brand You: Your New Image Makes the Sale for You,5,44.05,858975
"The Moosewood Cookbook: Recipes from Moosewood Restaurant, Ithaca, New York",4,12.34,240630
The Flowers Lied,2,16.68,325260
"The Fabric of the Cosmos: Space, Time, and the Texture of Reality",1,55.91,1090245
The Book of Mormon,3,24.57,479115
The Art and Science of Low Carbohydrate Living,5,52.98,1033109
The Alien Club,1,54.4,1060800
Suzie Snowflake: One beautiful flake (a self-esteem story),5,54.81,1068795
Nap-a-Roo,1,25.08,489059
"NaNo What Now? Finding your editing process, revising your NaNoWriMo book and building a writing career through publishing and beyond",4,10.41,202995
Modern Day Fables,2,47.44,925080
If I Gave You God's Phone Number....: Searching for Spirituality in America,1,20.91,407745
"Fruits Basket, Vol. 9 (Fruits Basket #9)",4,33.95,662025
Dress Your Family in Corduroy and Denim,3,43.68,851760
Don't Forget Steven,1,33.23,647984
Chernobyl 01:23:40: The Incredible True Story of the World's Worst Nuclear Disaster,2,35.92,700440
Art and Fear: Observations on the Perils (and Rewards) of Artmaking,4,48.63,948285
A Shard of Ice (The Black Symphony Saga #1),3,56.63,1104285
A Hero's Curse (The Unseen Chronicles #1),3,50.49,984555
23 Degrees South: A Tropical Tale of Changing Whether...,2,35.79,697905
"Zero to One: Notes on Startups, or How to Build the Future",3,34.06,664170
Why Not Me?,1,17.76,346320
When Breath Becomes Air,2,39.36,767520
Vagabonding: An Uncommon Guide to the Art of Long-Term World Travel,2,36.94,720330
The Unlikely Pilgrimage of Harold Fry (Harold Fry #1),5,43.62,850590
The New Drawing on the Right Side of the Brain,3,43.02,838890
"The Midnight Assassin: Panic, Scandal, and the Hunt for America's First Serial Killer",4,28.45,554775
The Martian (The Martian #1),2,41.39,807105
The High Mountains of Portugal,1,51.15,997425
The Grownup,1,35.88,699660
The E-Myth Revisited: Why Most Small Businesses Don't Work and What to Do About It,1,36.91,719744
South of Sunshine,1,28.93,564135
Smarter Faster Better: The Secrets of Being Productive in Life and Business,5,38.89,758355
Silence in the Dark (Logan Point #4),3,58.33,1137435
Shadows of the Past (Logan Point #1),5,39.67,773565
Roller Girl,5,14.1,274950
Rising Strong,3,21.82,425490
Proofs of God: Classical Arguments from Tertullian to Barth,1,54.21,1057095
Please Kill Me: The Uncensored Oral History of Punk,4,31.19,608205
Out of Print: City Lights Spotlight No. 14,5,53.64,1045980
My Life Next Door (My Life Next Door ),5,36.39,709605
Miller's Valley,2,58.54,1141530
Man's Search for Meaning,3,29.48,574860
"Love That Boy: What Two Presidents, Eight Road Trips, and My Son Taught Me About a Parent's Expectations",2,25.06,488670
Living Forward: A Proven Plan to Stop Drifting and Get the Life You Want,3,12.55,244725
Les Fleurs du Mal,5,29.04,566280
Left Behind (Left Behind #1),2,40.72,794040
Kill 'Em and Leave: Searching for James Brown and the American Soul,5,45.05,878475
Kierkegaard: A Christian Missionary to Christians,1,47.13,919035
John Vassos: Industrial Design for Modern Life,4,20.22,394290
I'll Give You the Sun,1,56.48,1101360
I Will Find You,1,44.21,862095
Hystopia: A Novel,4,21.96,428220
Howl and Other Poems,2,40.45,788775
History of Beauty,4,10.29,200654
Heaven is for Real: A Little Boy's Astounding Story of His Trip to Heaven and Back,2,52.86,1030770
Future Shock (Future Shock #1),5,55.65,1085175
Ender's Game (The Ender Quintet #1),1,43.64,850980
Diary of a Citizen Scientist: Chasing Tiger Beetles and Other New Ways of Engaging the World,1,28.41,553995
Death by Leisure: A Cautionary Tale,4,37.51,731445
Brilliant Beacons: A History of the American Lighthouse,3,11.45,223275
Brazen: The Courage to Find the You That's Been Hiding,2,19.22,374790
Between the World and Me,4,56.91,1109745
Being Mortal: Medicine and What Matters in the End,4,55.06,1073670
"A Murder Over a Girl: Justice, Gender, Junior High",3,13.2,257400
32 Yolks,2,53.63,1045785
"""Most Blessed of the Patriarchs"": Thomas Jefferson and the Empire of the Imagination",5,44.48,867359
You Are a Badass: How to Stop Doubting Your Greatness and Start Living an Awesome Life,3,12.08,235560
Wildlife of New York: A Five-Borough Coloring Book,2,22.14,431730
What Happened on Beale Street (Secrets of the South Mysteries #2),5,25.37,494715
Unreasonable Hope: Finding Faith in the God Who Brings Purpose to Your Pain,2,46.33,903435
Under the Tuscan Sun,3,37.33,727935
Toddlers Are A**holes: It's Not Your Fault,1,25.55,498225
The Year of Living Biblically: One Man's Humble Quest to Follow the Bible as Literally as Possible,1,34.72,677040
The Whale,4,35.96,701220
The Story of Art,4,41.14,802230
The Origin of Species,4,10.01,195195
The Great Gatsby,4,36.05,702975
The Good Girl,3,49.03,956085
The Glass Castle,1,16.24,316679
The Faith of Christopher Hitchens: The Restless Soul of the World's Most Notorious Atheist,1,39.55,771225
The Drowning Girls,3,35.67,695565
The Constant Princess (The Tudor Court #1),3,16.62,324090
The Bourne Identity (Jason Bourne #1),4,42.78,834210
The Bachelor Girl's Guide to Murder (Herringford and Watts Mysteries #1),5,52.3,1019850
The Art Book,2,32.34,630630
The 7 Habits of Highly Effective People: Powerful Lessons in Personal Change,4,33.17,646815
Team of Rivals: The Political Genius of Abraham Lincoln,5,20.12,392340
Steal Like an Artist: 10 Things Nobody Told You About Being Creative,2,20.9,407550
"Sit, Stay, Love",3,20.9,407550
Sister Dear,4,40.2,783900
"Shrunken Treasures: Literary Classics, Short, Sweet, and Silly",3,52.87,1030965
"Rich Dad, Poor Dad",1,51.74,1008930
Raymie Nightingale,2,34.41,670994
Playing from the Heart,1,32.38,631410
Nightstruck: A Novel,4,50.35,981825
"Naturally Lean: 125 Nourishing Gluten-Free, Plant-Based Recipes--All Under 300 Calories",5,11.38,221910
Meternity,3,43.58,849810
Memoirs of a Geisha,3,49.67,968565
Like Never Before (Walker Family #2),2,28.77,561015
Life of Pi,4,13.22,257790
Leave This Song Behind: Teen Poetry at Its Best,5,51.17,997815
King's Folly (The Kinsman Chronicles #1),5,39.61,772395
John Adams,4,57.43,1119885
How to Cook Everything Vegetarian: Simple Meatless Recipes for Great Food (How to Cook Everything),4,46.01,897195
How to Be a Domestic Goddess: Baking and the Art of Comfort Cooking,2,28.25,550875
Good in Bed (Cannie Shapiro #1),5,37.05,722475
"Fruits Basket, Vol. 7 (Fruits Basket #7)",1,19.57,381615
For the Love: Fighting for Grace in a World of Impossible Standards,3,45.13,880035
Finding God in the Ruins: How God Redeems Pain,2,46.64,909480
Every Heart a Doorway (Every Heart A Doorway #1),5,12.16,237120
Delivering the Truth (Quaker Midwife Mystery #1),4,20.89,407355
Counted With the Stars (Out from Egypt #1),5,17.97,350415
"Chronicles, Vol. 1",2,52.6,1025700
Blue Like Jazz: Nonreligious Thoughts on Christian Spirituality,1,25.77,502515
Benjamin Franklin: An American Life,3,48.19,939705
"At The Existentialist CafÃ©: Freedom, Being, and apricot cocktails with: Jean-Paul Sartre, Simone de Beauvoir, Albert Camus, Martin Heidegger, Edmund Husserl, Karl Jaspers, Maurice Merleau-Ponty and others",5,29.93,583635
A Summer In Europe,2,44.34,864630
A Short History of Nearly Everything,5,52.4,1021800
A Gathering of Shadows (Shades of Magic #2),4,44.81,873795
The Sound Of Love,5,57.84,1127880
The Rise and Fall of the Third Reich: A History of Nazi Germany,2,39.67,773565
The Perks of Being a Wallflower,3,55.02,1072890
The Mysterious Affair at Styles (Hercule Poirot #1),4,24.8,483600
The Man Who Mistook His Wife for a Hat and Other Clinical Tales,4,59.45,1159275
The Makings of a Fatherless Child,2,31.58,615810
The Joy of Cooking,4,43.27,843765
The Invention of Wings,1,37.34,728130
The Hobbit (Middle-Earth Universe),5,17.8,347100
The Great Railway Bazaar,1,30.54,595530
The Golden Compass (His Dark Materials #1),1,18.77,366015
The God Delusion,3,46.85,913575
The Girl You Left Behind (The Girl You Left Behind #1),1,15.79,307905
The Fellowship of the Ring (The Lord of the Rings #1),2,10.27,200265
The Collected Poems of W.B. Yeats (The Collected Works of W.B. Yeats #1),5,15.42,300690
The Barefoot Contessa Cookbook,5,59.92,1168440
Tell the Wolves I'm Home,2,50.96,993720
Ship Leaves Harbor: Essays on Travel by a Recovering Journeyman,3,30.6,596700
Pride and Prejudice,4,19.27,375765
Musicophilia: Tales of Music and the Brain,1,46.58,908310
Mere Christianity,3,48.51,945945
Me Before You (Me Before You #1),1,19.02,370890
In the Woods (Dublin Murder Squad #1),2,38.38,748410
In Cold Blood,4,49.98,974609
How to Stop Worrying and Start Living,5,46.49,906555
Give It Back,2,18.32,357240
"Girl, Interrupted",3,42.14,821730
Fun Home: A Family Tragicomic,4,56.59,1103505
"Fruits Basket, Vol. 6 (Fruits Basket #6)",4,20.96,408720
Deception Point,4,40.32,786240
"Death Note, Vol. 6: Give-and-Take (Death Note #6)",3,36.39,709605
Catherine the Great: Portrait of a Woman,4,58.55,1141725
Better Homes and Gardens New Cook Book,3,39.61,772395
An Unquiet Mind: A Memoir of Moods and Madness,3,21.3,415350
A Year in Provence (Provence #1),4,56.88,1109160
World Without End (The Pillars of the Earth #2),4,32.97,642915
"Will Grayson, Will Grayson (Will Grayson, Will Grayson)",4,47.31,922545
Why Save the Bankers?: And Other Essays on Our Economic and Political Crisis,2,48.67,949065
Where She Went (If I Stay #2),4,41.73,813734
What If?: Serious Scientific Answers to Absurd Hypothetical Questions,4,53.68,1046760
Two Summers,1,14.64,285480
This Is Your Brain on Music: The Science of a Human Obsession,1,38.4,748800
The Secret Garden,4,15.08,294060
The Raven King (The Raven Cycle #4),2,30.57,596115
The Raven Boys (The Raven Cycle #1),4,57.74,1125930
The Power Greens Cookbook: 140 Delicious Superfood Recipes,5,11.05,215475
The Metamorphosis,1,28.58,557310
The Mathews Men: Seven Brothers and the War Against Hitler's U-boats,5,42.91,836744
The Little Paris Bookshop,3,24.73,482235
The Hiding Place,4,55.91,1090245
The Grand Design,3,13.76,268320
The Firm,3,45.56,888420
The Fault in Our Stars,1,47.22,920790
The False Prince (The Ascendance Trilogy #1),5,56.0,1092000
The Expatriates,2,44.58,869310
The Dream Thieves (The Raven Cycle #2),1,34.5,672750
The Darkest Corners,5,11.33,220935
The Crossover,4,38.77,756015
The 5th Wave (The 5th Wave #1),2,11.83,230685
Tell the Wind and Fire,3,45.51,887445
Tell Me Three Things,1,41.81,815295
Talking to Girls About Duran Duran: One Young Man's Quest for True Love and a Cooler Haircut,4,25.15,490425
Siddhartha,5,34.22,667290
Shiver (The Wolves of Mercy Falls #1),5,16.23,316485
Remember Me?,3,11.48,223860
Red Dragon (Hannibal Lecter #1),3,23.37,455715
Peak: Secrets from the New Science of Expertise,2,16.28,317460
My Mother Was Nuts,4,31.63,616785
Mexican Today: New and Rediscovered Recipes for Contemporary Kitchens,5,24.91,485745
Maybe Something Beautiful: How Art Transformed a Neighborhood,1,22.54,439530
Lola and the Boy Next Door (Anna and the French Kiss #2),4,23.63,460785
Logan Kade (Fallen Crest High #5.5),2,13.12,255839
Last One Home (New Beginnings #1),3,59.98,1169610
Killing Floor (Jack Reacher #1),4,31.49,614055
Kill the Boy Band,5,15.52,302640
Isla and the Happily Ever After (Anna and the French Kiss #3),5,48.13,938535
If I Stay (If I Stay #1),5,38.13,743535
I Know Why the Caged Bird Sings (Maya Angelou's Autobiography #1),2,36.55,712725
Harry Potter and the Deathly Hallows (Harry Potter #7),1,23.32,454740
"Fruits Basket, Vol. 5 (Fruits Basket #5)",1,16.33,318434
Foundation (Foundation (Publication Order) #1),1,32.42,632190
Fool Me Once,1,16.96,330720
Find Her (Detective D.D. Warren #8),1,22.37,436215
Evicted: Poverty and Profit in the American City,1,42.27,824265
Drama,2,38.7,754650
Dracula the Un-Dead,5,35.63,694785
Digital Fortress,5,58.0,1131000
"Death Note, Vol. 5: Whiteout (Death Note #5)",1,52.41,1021994
"Data, A Love Story: How I Gamed Online Dating to Meet My Match",3,32.35,630825
Critique of Pure Reason,1,20.75,404625
Booked,5,17.49,341054
"Blue Lily, Lily Blue (The Raven Cycle #3)",5,34.13,665535
Approval Junkie: Adventures in Caring Too Much,5,58.81,1146795
An Abundance of Katherines,5,10.0,195000
America's War for the Greater Middle East: A Military History,2,51.22,998790
Alight (The Generations Trilogy #2),4,58.59,1142505
A Girl's Guide to Moving On (New Beginnings #2),1,31.3,610350
A Game of Thrones (A Song of Ice and Fire #1),2,46.42,905190
A Feast for Crows (A Song of Ice and Fire #4),4,17.21,335595
A Clash of Kings (A Song of Ice and Fire #2),3,10.79,210404
Vogue Colors A to Z: A Fashion Coloring Book,4,52.35,1020825
The Shining (The Shining #1),3,27.88,543660
The Pilgrim's Progress,2,50.26,980070
The Perfect Play (Play by Play #1),3,59.99,1169805
The Passion of Dolssa,5,28.32,552240
The Jazz of Physics: The Secret Link Between Music and the Structure of the Universe,3,38.71,754845
The Hunger Games (The Hunger Games #1),5,29.85,582075
The Hound of the Baskervilles (Sherlock Holmes #5),2,14.82,288990
The Gunning of America: Business and the Making of American Gun Culture,4,16.81,327795
The Geography of Bliss: One Grump's Search for the Happiest Places in the World,2,28.23,550485
The Demonists (Demonist #1),2,52.11,1016145
"The Demon Prince of Momochi House, Vol. 4 (The Demon Prince of Momochi House #4)",2,27.88,543660
The Bone Hunters (Lexy Vaughan & Steven Macaulay #2),3,59.71,1164345
The Beast (Black Dagger Brotherhood #14),5,46.08,898560
Some Women,5,13.73,267735
Shopaholic Ties the Knot (Shopaholic #3),5,48.39,943605
Paper and Fire (The Great Library #2),5,49.45,964275
Outlander (Outlander #1),5,19.67,383565
"Orchestra of Exiles: The Story of Bronislaw Huberman, the Israel Philharmonic, and the One Thousand Jews He Saved from Nazi Horrors",3,12.36,241020
No One Here Gets Out Alive,5,20.02,390390
Night Shift (Night Shift #1-20),4,12.75,248625
Needful Things,4,47.51,926445
Mockingjay (The Hunger Games #3),4,20.44,398580
Misery,2,34.79,678405
Little Women (Little Women #1),4,28.07,547365
It,3,25.01,487695
Harry Potter and the Sorcerer's Stone (Harry Potter #1),3,13.9,271050
Harry Potter and the Prisoner of Azkaban (Harry Potter #3),4,24.17,471315
Harry Potter and the Order of the Phoenix (Harry Potter #5),4,31.63,616785
Harry Potter and the Half-Blood Prince (Harry Potter #6),5,48.75,950625
Harry Potter and the Chamber of Secrets (Harry Potter #2),1,14.74,287430
Gone with the Wind,3,32.49,633555
God Is Not Great: How Religion Poisons Everything,1,27.8,542100
Girl With a Pearl Earring,1,26.77,522015
"Fruits Basket, Vol. 4 (Fruits Basket #4)",4,50.44,983580
Far From True (Promise Falls Trilogy #2),2,34.93,681135
Dark Lover (Black Dagger Brotherhood #1),1,12.87,250964
Confessions of a Shopaholic (Shopaholic #1),2,48.94,954330
Changing the Game (Play by Play #2),3,13.38,260910
Candide,3,58.63,1143285
Can You Keep a Secret?,1,21.94,427830
Atlas Shrugged,5,26.58,518309
Animal Farm,3,57.22,1115790
A Walk to Remember,1,56.43,1100385
A New Earth: Awakening to Your Life's Purpose,5,55.65,1085175
"A History of God: The 4,000-Year Quest of Judaism, Christianity, and Islam",1,27.62,538590
'Salem's Lot,4,49.56,966420
Zero History (Blue Ant #3),1,34.77,678015
Wuthering Heights,3,17.73,345735
World War Z: An Oral History of the Zombie War,1,21.8,425100
Wild: From Lost to Found on the Pacific Crest Trail,3,46.02,897390
"Where'd You Go, Bernadette",1,18.13,353535
When You Are Engulfed in Flames,5,30.89,602355
We the People: The Modern-Day Figures Who Have Reshaped and Affirmed the Founding Fathers' Vision of America,3,31.95,623025
We Are All Completely Beside Ourselves,1,24.04,468780
Walk the Edge (Thunder Road #2),3,32.36,631020
Voyager (Outlander #3),5,21.07,410865
Very Good Lives: The Fringe Benefits of Failure and the Importance of Imagination,3,50.66,987869
Vegan Vegetarian Omnivore: Dinner for Everyone at the Table,2,13.66,266370
"Unstuffed: Decluttering Your Home, Mind, and Soul",1,58.09,1132755
Under the Banner of Heaven: A Story of Violent Faith,1,30.0,585000
Two Boys Kissing,2,32.74,638430
Twilight (Twilight #1),2,41.93,817635
Twenties Girl,2,42.8,834600
"Trespassing Across America: One Man's Epic, Never-Done-Before (and Sort of Illegal) Hike Across the Heartland",1,53.51,1043445
Three-Martini Lunch,3,23.21,452595
"Thinking, Fast and Slow",1,21.14,412230
The Wild Robot,3,56.07,1093365
"The Wicked + The Divine, Vol. 3: Commercial Suicide (The Wicked + The Divine)",3,14.41,280995
The Undomestic Goddess,4,45.75,892125
The Travelers,1,15.77,307515
The Tipping Point: How Little Things Can Make a Big Difference,2,10.02,195390
The Thing About Jellyfish,1,48.77,951015
The Stand,2,57.86,1128270
The Smitten Kitchen Cookbook,1,23.59,460005
The Silkworm (Cormoran Strike #2),5,23.05,449475
"The Sandman, Vol. 3: Dream Country (The Sandman (volumes) #3)",5,55.55,1083225
The Rose & the Dagger (The Wrath and the Dawn #2),4,58.64,1143480
The Road to Little Dribbling: Adventures of an American in Britain (Notes From a Small Island #2),1,23.21,452595
The Rise of Theodore Roosevelt (Theodore Roosevelt #1),3,42.57,830115
The Restaurant at the End of the Universe (Hitchhiker's Guide to the Galaxy #2),1,10.92,212940
The Rest Is Noise: Listening to the Twentieth Century,1,34.77,678015
The Red Tent,5,35.66,695369
The Purpose Driven Life: What on Earth Am I Here for?,3,37.19,725205
The Purest Hook (Second Circle Tattoos #3),1,12.25,238875
The Picture of Dorian Gray,2,29.7,579150
The Paris Wife,3,36.8,717600
The Obsession,1,45.43,885885
The Nightingale,4,26.26,512070
The New Guy (and Other Senior Year Distractions),3,44.92,875940
The Nanny Diaries (Nanny #1),5,52.53,1024335
The Name of God is Mercy,2,37.25,726375
The Maze Runner (The Maze Runner #1),1,20.93,408135
The Lover's Dictionary,2,58.09,1132755
The Lonely Ones,5,43.59,850005
The Lean Startup: How Today's Entrepreneurs Use Continuous Innovation to Create Radically Successful Businesses,3,33.92,661440
The Last Painting of Sara de Vos,2,55.55,1083225
"The Land of 10,000 Madonnas",4,29.64,577980
The Infinities,1,27.41,534495
The Husband's Secret,5,52.51,1023945
The Hitchhiker's Guide to the Galaxy (Hitchhiker's Guide to the Galaxy #1),3,47.8,932100
The Guns of August,2,14.54,283530
The Guernsey Literary and Potato Peel Pie Society,1,49.53,965835
The Goldfinch,3,43.58,849810
The Giver (The Giver Quartet #1),1,12.3,239850
The Girl with All the Gifts,3,49.47,964665
The Girl Who Played with Fire (Millennium Trilogy #2),2,22.14,431730
The Girl Who Kicked the Hornet's Nest (Millennium Trilogy #3),1,57.48,1120860
The Exiled,3,43.45,847275
"The End of Faith: Religion, Terror, and the Future of Reason",4,22.13,431535
"The Elegant Universe: Superstrings, Hidden Dimensions, and the Quest for the Ultimate Theory",4,13.03,254085
"The Disappearing Spoon: And Other True Tales of Madness, Love, and the History of the World from the Periodic Table of the Elements",5,57.35,1118325
The Devil Wears Prada (The Devil Wears Prada #1),1,44.29,863655
The Demon-Haunted World: Science as a Candle in the Dark,4,52.25,1018875
The Day the Crayons Came Home (Crayons),5,26.33,513434
The Da Vinci Code (Robert Langdon #2),2,22.96,447720
The Cuckoo's Calling (Cormoran Strike #1),1,19.21,374595
The Complete Stories and Poems (The Works of Edgar Allan Poe [Cameo Edition]),4,26.78,522210
The Complete Poems,5,41.32,805740
The Catcher in the Rye,1,24.55,478725
The Cat in the Hat (Beginner Books B-1),2,16.26,317070
The Case for Christ (Cases for Christianity),1,47.84,932880
The Book Thief,2,53.49,1043055
The Book of Basketball: The NBA According to The Sports Guy,5,44.84,874380
The Blind Side: Evolution of a Game,5,53.71,1047345
The Autobiography of Malcolm X,2,23.43,456885
"The Art of Simple Food: Notes, Lessons, and Recipes from a Delicious Revolution",3,34.32,669240
The Art of Fielding,1,22.1,430950
"Surely You're Joking, Mr. Feynman!: Adventures of a Curious Character",2,25.83,503684
Stiff: The Curious Lives of Human Cadavers,3,36.74,716430
Spilled Milk: Based on a True Story,1,49.51,965445
Something Borrowed (Darcy & Rachel #1),5,48.96,954720
Something Blue (Darcy & Rachel #2),1,54.62,1065090
Soldier (Talon #3),2,24.72,482040
Shopaholic & Baby (Shopaholic #5),2,46.45,905775
Seven Days in the Art World,2,52.33,1020435
Seven Brief Lessons on Physics,4,30.6,596700
Scarlet (The Lunar Chronicles #2),4,14.57,284115
Sarah's Key,1,46.29,902655
"Saga, Volume 3 (Saga (Collected Editions) #3)",5,21.57,420615
Running with Scissors,4,12.91,251745
Rogue Lawyer (Rogue Lawyer #1),3,50.11,977145
"Rise of the Rocket Girls: The Women Who Propelled Us, from Missiles to the Moon to Mars",4,41.67,812565
Rework,2,44.88,875160
Reservations for Two,3,11.1,216450
Red: The True Story of Red Riding Hood,3,28.54,556530
Ready Player One,4,19.07,371865
Quiet: The Power of Introverts in a World That Can't Stop Talking,1,43.55,849225
Prodigy: The Graphic Novel (Legend: The Graphic Novel #2),3,43.63,850785
Persepolis: The Story of a Childhood (Persepolis #1-2),1,39.13,763035
Packing for Mars: The Curious Science of Life in the Void,2,56.68,1105260
Outliers: The Story of Success,1,14.16,276120
Original Fake,3,31.45,613275
Orange Is the New Black,2,24.61,479895
One for the Money (Stephanie Plum #1),2,32.87,640965
Notes from a Small Island (Notes From a Small Island #1),1,40.17,783315
Night (The Night Trilogy #1),1,13.51,263445
Neither Here nor There: Travels in Europe,3,38.95,759525
Naked,3,31.69,617955
Morning Star (Red Rising #3),1,29.4,573300
"Miracles from Heaven: A Little Girl, Her Journey to Heaven, and Her Amazing Story of Healing",1,57.83,1127685
Midnight Riot (Peter Grant/ Rivers of London - books #1),2,55.46,1081470
Me Talk Pretty One Day,2,57.6,1123200
Manuscript Found in Accra,2,34.98,682109
Lust & Wonder,2,11.87,231464
Lila (Gilead #3),3,12.47,243165
"Life, the Universe and Everything (Hitchhiker's Guide to the Galaxy #3)",2,33.26,648570
Life Without a Recipe,5,59.04,1151280
Life After Life,2,26.13,509535
Letter to a Christian Nation,1,22.2,432900
Let's Pretend This Never Happened: A Mostly True Memoir,1,45.11,879645
Legend (Legend #1),4,43.69,851955
"Lean In: Women, Work, and the Will to Lead",1,25.02,487890
"Lamb: The Gospel According to Biff, Christ's Childhood Pal",5,55.5,1082250
Lady Renegades (Rebel Belle #3),5,53.04,1034280
Jurassic Park (Jurassic Park #1),1,44.97,876915
It's Never Too Late to Begin Again: Discovering Creativity and Meaning at Midlife and Beyond,1,42.38,826410
Is Everyone Hanging Out Without Me? (And Other Concerns),3,20.11,392145
Into the Wild,5,56.7,1105650
Inferno (Robert Langdon #4),5,41.0,799500
"In the Garden of Beasts: Love, Terror, and an American Family in Hitler's Berlin",3,28.85,562575
If I Run (If I Run #1),4,49.97,974415
I've Got Your Number,1,19.69,383955
I Am Malala: The Girl Who Stood Up for Education and Was Shot by the Taliban,2,28.88,563160
Hungry Girl Clean & Hungry: Easy All-Natural Recipes for Healthy Eating in the Real World,3,33.14,646230
"House of Lost Worlds: Dinosaurs, Dynasties, and the Story of Life on Earth",2,43.7,852150
House of Leaves,1,54.89,1070355
Horrible Bear!,2,37.52,731640
Holidays on Ice,2,51.07,995865
Heir to the Sky,4,44.07,859365
Green Eggs and Ham (Beginner Books B-16),4,10.79,210404
"Grayson, Vol 3: Nemesis (Grayson #3)",1,42.72,833040
Gratitude,5,26.66,519870
Gone Girl,5,37.6,733200
Golden (Heart of Dread #3),4,42.21,823095
Girl in the Blue Coat,2,46.83,913185
"Fruits Basket, Vol. 3 (Fruits Basket #3)",2,45.17,880815
"Friday Night Lights: A Town, a Team, and a Dream",3,51.22,998790
Fire Bound (Sea Haven/Sisters of the Heart #5),4,21.28,414960
Fifty Shades Freed (Fifty Shades #3),5,15.36,299520
Fellside,1,38.62,753090
Extreme Prey (Lucas Davenport #26),3,25.4,495300
Eragon (The Inheritance Cycle #1),3,43.87,855465
Eclipse (Twilight #3),1,18.74,365429
Dune (Dune #1),1,54.86,1069770
Dracula,3,52.62,1026090
Do Androids Dream of Electric Sheep? (Blade Runner #1),1,51.48,1003859
Disrupted: My Misadventure in the Start-Up Bubble,5,15.28,297960
Dead Wake: The Last Crossing of the Lusitania,5,39.24,765180
"David and Goliath: Underdogs, Misfits, and the Art of Battling Giants",1,17.81,347295
Darkfever (Fever #1),1,56.02,1092390
Dark Places,5,23.9,466050
Crazy Rich Asians (Crazy Rich Asians #1),5,49.13,958035
Counting Thyme,1,10.62,207089
Cosmos,2,36.17,705315
Civilization and Its Discontents,2,59.95,1169025
Cinder (The Lunar Chronicles #1),1,26.09,508755
Catastrophic Happiness: Finding Joy in Childhood's Messy Years,2,37.35,728325
Career of Evil (Cormoran Strike #3),2,24.72,482040
Breaking Dawn (Twilight #4),5,35.28,687960
Brave Enough,5,51.32,1000740
Boy Meets Boy,3,21.12,411840
"Born to Run: A Hidden Tribe, Superathletes, and the Greatest Race the World Has Never Seen",2,27.35,533325
Blink: The Power of Thinking Without Thinking,5,21.74,423929
Black Flags: The Rise of ISIS,1,40.87,796965
"Black Butler, Vol. 1 (Black Butler #1)",1,49.31,961545
Big Little Lies,1,22.11,431145
Between Shades of Gray,5,20.79,405405
Best of My Love (Fool's Gold #20),2,27.41,534495
Beowulf,2,38.35,747825
Beautiful Creatures (Caster Chronicles #1),5,21.55,420225
Awkward,2,38.02,741390
Ash,4,22.06,430170
Are We There Yet?,3,10.66,207870
Are We Smart Enough to Know How Smart Animals Are?,1,56.58,1103310
Annie on My Mind,5,36.83,718185
And Then There Were None,2,35.01,682695
A Walk in the Woods: Rediscovering America on the Appalachian Trail,4,30.48,594360
A Visit from the Goon Squad,5,14.08,274560
A Storm of Swords (A Song of Ice and Fire #3),2,31.22,608790
A Heartbreaking Work of Staggering Genius,5,54.29,1058655
8 Keys to Mental Health Through Exercise,1,31.04,605280
#GIRLBOSS,1,50.96,993720
"The Suffragettes (Little Black Classics, #96)",2,11.89,231855
The Sense of an Ending,3,31.38,611910
"The Sandman, Vol. 2: The Doll's House (The Sandman (volumes) #2)",1,54.81,1068795
The Course of Love,3,16.78,327210
Sugar Rush (Offensive Line #2),1,24.42,476190
"Saga, Volume 2 (Saga (Collected Editions) #2)",3,11.75,229125
"Run, Spot, Run: The Ethics of Keeping Pets",1,20.02,390390
New Moon (Twilight #2),4,12.86,250770
Life,5,31.58,615810
Kindle Paperwhite User's Guide,3,34.0,663000
H is for Hawk,5,57.42,1119690
Girl Online On Tour (Girl Online #2),1,53.47,1042665
"Fruits Basket, Vol. 2 (Fruits Basket #2)",5,11.64,226980
Diary of a Minecraft Zombie Book 1: A Scare of a Dare (An Unofficial Minecraft Book),4,52.88,1031160
"Y: The Last Man, Vol. 1: Unmanned (Y: The Last Man #1)",4,18.51,360945
While You Were Mine,5,41.32,805740
Where Lightning Strikes (Bleeding Stars #3),3,39.77,775515
When I'm Gone,3,51.96,1013220
Ways of Seeing,5,39.51,770445
"Vampire Knight, Vol. 1 (Vampire Knight #1)",1,15.4,300300
Vampire Girl (Vampire Girl #1),2,53.82,1049490
Twenty Love Poems and a Song of Despair,4,30.95,603525
Travels with Charley: In Search of America,5,57.82,1127490
Three Wishes (River of Time: California #1),2,44.18,861510
This One Moment (Pushing Limits #1),1,48.71,949845
The Zombie Room,5,19.69,383955
"The Wicked + The Divine, Vol. 1: The Faust Act (The Wicked + The Divine)",2,36.52,712140
The Tumor,5,41.56,810420
The Story of Hong Gildong,4,43.19,842205
The Silent Wife,5,12.34,240630
The Silent Twin (Detective Jennifer Knight #3),3,36.25,706875
The Selfish Gene,1,29.45,574275
The Secret Healer,3,34.56,673920
"The Sandman, Vol. 1: Preludes and Nocturnes (The Sandman (volumes) #1)",3,54.12,1055340
The Republic,3,33.78,658710
The Odyssey,3,29.64,577980
The No. 1 Ladies' Detective Agency (No. 1 Ladies' Detective Agency #1),4,57.7,1125150
The Nicomachean Ethics,1,36.34,708630
The Name of the Wind (The Kingkiller Chronicle #1),3,50.59,986505
The Mirror & the Maze (The Wrath and the Dawn #1.5),1,29.38,572910
The Little Prince,2,45.42,885690
The Light of the Fireflies,1,54.43,1061385
The Last Girl (The Dominion Trilogy #1),2,36.26,707070
The Iliad,1,16.16,315120
The Hook Up (Game On #1),5,36.29,707655
The Haters,5,27.89,543855
The Girl You Lost,5,12.29,239654
The Girl In The Ice (DCI Erika Foster #1),3,15.85,309075
The End of the Jesus Era (An Investigation #1),1,14.4,280800
The Edge of Reason (Bridget Jones #2),4,19.18,374010
The Complete Maus (Maus #1-2),3,10.64,207480
The Communist Manifesto,3,14.76,287820
The Bhagavad Gita,3,57.49,1121055
The Bette Davis Club,3,30.66,597870
The Art of Not Breathing,4,40.83,796185
Taking Shots (Assassins #1),2,18.88,368160
Starlark,3,25.83,503684
"Skip Beat!, Vol. 01 (Skip Beat! #1)",3,42.12,821340
Sister Sable (The Mad Queen #1),3,13.33,259935
Shatter Me (Shatter Me #1),1,42.4,826800
Shameless,3,58.35,1137825
Shadow Rites (Jane Yellowrock #10),4,21.72,423540
Settling the Score (The Summer Games #1),2,44.91,875744
Sense and Sensibility,1,37.46,730470
"Saga, Volume 1 (Saga (Collected Editions) #1)",1,28.48,555360
"Rhythm, Chord & Malykhin",2,28.34,552630
"Rat Queens, Vol. 1: Sass & Sorcery (Rat Queens (Collected Editions) #1-5)",5,46.96,915720
Paradise Lost (Paradise #1),1,24.96,486720
"Paper Girls, Vol. 1 (Paper Girls #1-5)",4,21.71,423345
"Ouran High School Host Club, Vol. 1 (Ouran High School Host Club #1)",3,29.87,582465
Origins (Alphas 0.5),1,28.99,565305
One Second (Seven #7),2,52.94,1032330
On the Road (Duluoz Legend),3,32.36,631020
Old Records Never Die: One Man's Quest for His Vinyl and His Past,2,55.66,1085370
Off Sides (Off #1),5,39.45,769275
Of Mice and Men,2,47.11,918645
Myriad (Prentor #1),4,58.75,1145625
My Perfect Mistake (Over the Top #1),2,38.92,758940
"Ms. Marvel, Vol. 1: No Normal (Ms. Marvel (2014-2015) #1)",4,39.39,768105
Meditations,2,25.89,504855
Matilda,1,28.34,552630
Lost Among the Living,4,27.7,540150
Lord of the Flies,3,24.89,485355
Listen to Me (Fusion #1),3,58.99,1150305
Kitchens of the Great Midwest,5,57.2,1115400
Jane Eyre,5,38.43,749385
Imperfect Harmony,4,34.74,677430
Icing (Aces Hockey #2),4,40.44,788580
"Hawkeye, Vol. 1: My Life as a Weapon (Hawkeye #1)",3,45.24,882180
Having the Barbarian's Baby (Ice Planet Barbarians #7.5),4,34.96,681720
"Giant Days, Vol. 1 (Giant Days #1-4)",4,56.76,1106820
"Fruits Basket, Vol. 1 (Fruits Basket #1)",5,40.28,785460
Frankenstein,2,38.0,741000
Forever Rockers (The Rocker #12),3,28.8,561600
Fighting Fate (Fighting #6),3,39.24,765180
Emma,2,32.93,642135
"Eat, Pray, Love",3,51.32,1000740
Deep Under (Walker Security #1),5,47.09,918255
Choosing Our Religion: The Spiritual Lives of America's Nones,4,28.42,554190
Charlie and the Chocolate Factory (Charlie Bucket #1),3,22.85,445575
Charity's Cross (Charles Towne Belles #4),1,41.24,804180
Bright Lines,5,39.07,761865
Bridget Jones's Diary (Bridget Jones #1),1,29.82,581490
Bounty (Colorado Mountain #7),4,37.26,726570
Blood Defense (Samantha Brinkman #1),3,20.3,395850
"Bleach, Vol. 1: Strawberry and the Soul Reapers (Bleach #1)",5,34.65,675675
Beyond Good and Evil,1,43.38,845910
Alice in Wonderland (Alice's Adventures in Wonderland #1),1,55.53,1082835
"Ajin: Demi-Human, Volume 1 (Ajin: Demi-Human #1)",4,57.06,1112670
A Spy's Devotion (The Regency Spies of London #1),5,16.97,330915
1st to Die (Women's Murder Club #1),1,53.98,1052610
"1,000 Places to See Before You Die",5,26.08,508559
